model,model_key,benchmark,entity_type,precision,recall,f1,true_positives,false_negatives,false_positives
en_core_web_sm,sm,SocCor,PLAYER,0.7492601361349511,0.7584063506328166,0.753805500762961,10127,3226,3389
en_core_web_lg,lg,SocCor,PLAYER,0.7540594313587061,0.8798771811577922,0.8121241446049631,11749,1604,3832
